date,source,asset,title,text
11/5/2025,CoinNews,BTC,Bitcoin rallies as ETF optimism grows,Traders show strong optimism and momentum turns clearly bullish
11/5/2025,CryptoDesk,ETH,Ethereum upgrade boosts scalability,Developers celebrate improvement; market reaction moderately positive
11/5/2025,MacroDaily,GOLD,Gold slips amid stronger dollar,Risk-on mood pushes capital to equities; safe-haven demand weakens and looks bearish
11/5/2025,EnergyWatch,OIL,Brent rises on supply concerns,Analysts see bullish momentum as inventories tighten
11/5/2025,MarketBrief,SP500,US stocks gain as earnings beat,Growth optimism fuels a positive risk-on session across equities
11/5/2025,FXDaily,USD,Dollar index strengthens,Safe-haven flows support USD; traders turn cautiously bullish
11/5/2025,FXStreet,EURUSD,Euro dips against dollar,Macro uncertainty drives bearish pressure on EUR/USD pair
11/6/2025,CryptoNews,BTC,Bitcoin sees strong inflows,Optimistic traders push bullish momentum and strong rally signals
11/6/2025,GoldWire,GOLD,Gold outlook turns cautious,Analysts warn of bearish pressure amid risk-on sentiment
11/6/2025,Oilprice,OIL,WTI pulls back after rally,Profit-taking emerges; technicals still supportive overall
